12-06-2025,201_majorityElement  
12-06-2025,202_mergeSortedArray  
13-06-2025,203_removeDuplicatesFromSortedArray  
12-06-2025,204_bestTimeToBuyAndSellStock  
13-06-2025,125_singleElementInSortedArray
14-06-2025,126_searchInRotatedArray
13-06-2025,127_medianOfTwoSortedArrays
14-06-2025,128_findMinimumInRotatedSortedArray
13-06-2025,129_kthMissingPositiveNumber
13-06-2025,130_search2DMatrix
12-06-2025,8_String to Integer (atoi)
13-06-2025,101_binarySearch
14-06-2025,102_firstBadVersion
14-06-2025,103_findPeakElement
12-06-2025,104_searchInsertPosition
13-06-2025,9_Palindrome Number
13-06-2025,12_Integer to Roman
14-06-2025,15_3Sum
14-06-2025,1_Two Sum
14-06-2025,16_3Sum Closest
14-06-2025,18_4Sum
14-06-2025,19_Remove Nth Node From End of List
